{
  "collection_date": "2025-07-03T21:47:48.816619",
  "years_analyzed": 3,
  "categories_analyzed": 10,
  "price_records": 410,
  "retail_records": 0,
  "seasonal_analysis": {
    "food_away_from_home": {
      "quarterly_averages": {
        "1": 352.31725000000006,
        "2": 354.5193636363636,
        "3": 353.63233333333335,
        "4": 358.6431111111112
      },
      "seasonal_indices": {
        "1": 100.0,
        "2": 100.6,
        "3": 100.4,
        "4": 101.8
      },
      "peak_quarter": 4,
      "low_quarter": 1,
      "seasonality_strength": 1.8,
      "data_points": 41
    },
    "food_at_home": {
      "quarterly_averages": {
        "1": 319.2920833333333,
        "2": 321.4558181818182,
        "3": 322.03000000000003,
        "4": 324.83099999999996
      },
      "seasonal_indices": {
        "1": 100.0,
        "2": 100.7,
        "3": 100.9,
        "4": 101.7
      },
      "peak_quarter": 4,
      "low_quarter": 1,
      "seasonality_strength": 1.7,
      "data_points": 41
    },
    "apparel": {
      "quarterly_averages": {
        "1": 130.23191666666665,
        "2": 130.50872727272724,
        "3": 130.32622222222224,
        "4": 128.60855555555557
      },
      "seasonal_indices": {
        "1": 100.0,
        "2": 100.2,
        "3": 100.1,
        "4": 98.8
      },
      "peak_quarter": 2,
      "low_quarter": 4,
      "seasonality_strength": 1.5,
      "data_points": 41
    },
    "recreation": {
      "quarterly_averages": {
        "1": 135.63924999999998,
        "2": 135.98054545454545,
        "3": 135.27077777777777,
        "4": 135.9177777777778
      },
      "seasonal_indices": {
        "1": 100.0,
        "2": 100.3,
        "3": 99.7,
        "4": 100.2
      },
      "peak_quarter": 2,
      "low_quarter": 3,
      "seasonality_strength": 0.5,
      "data_points": 41
    },
    "alcoholic_beverages": {
      "quarterly_averages": {
        "1": 283.55391666666674,
        "2": 284.7344545454545,
        "3": 284.3243333333333,
        "4": 286.6482222222222
      },
      "seasonal_indices": {
        "1": 100.0,
        "2": 100.4,
        "3": 100.3,
        "4": 101.1
      },
      "peak_quarter": 4,
      "low_quarter": 1,
      "seasonality_strength": 1.1,
      "data_points": 41
    },
    "transportation": {
      "quarterly_averages": {
        "1": 263.1976666666667,
        "2": 273.1423636363637,
        "3": 271.89566666666667,
        "4": 266.09522222222216
      },
      "seasonal_indices": {
        "1": 100.0,
        "2": 103.8,
        "3": 103.3,
        "4": 101.1
      },
      "peak_quarter": 2,
      "low_quarter": 1,
      "seasonality_strength": 3.8,
      "data_points": 41
    },
    "housing": {
      "quarterly_averages": {
        "1": 380.3874166666667,
        "2": 383.0060909090909,
        "3": 381.30199999999996,
        "4": 386.1883333333333
      },
      "seasonal_indices": {
        "1": 100.0,
        "2": 100.7,
        "3": 100.2,
        "4": 101.5
      },
      "peak_quarter": 4,
      "low_quarter": 1,
      "seasonality_strength": 1.5,
      "data_points": 41
    },
    "medical_care": {
      "quarterly_averages": {
        "1": 554.56475,
        "2": 556.3810000000001,
        "3": 555.2485555555555,
        "4": 557.4152222222222
      },
      "seasonal_indices": {
        "1": 100.0,
        "2": 100.3,
        "3": 100.1,
        "4": 100.5
      },
      "peak_quarter": 4,
      "low_quarter": 1,
      "seasonality_strength": 0.5,
      "data_points": 41
    },
    "education": {
      "quarterly_averages": {
        "1": 291.8854166666667,
        "2": 291.77963636363637,
        "3": 292.40922222222224,
        "4": 295.43300000000005
      },
      "seasonal_indices": {
        "1": 100.0,
        "2": 100.0,
        "3": 100.2,
        "4": 101.2
      },
      "peak_quarter": 4,
      "low_quarter": 2,
      "seasonality_strength": 1.3,
      "data_points": 41
    },
    "other_goods_services": {
      "quarterly_averages": {
        "1": 271.44158333333337,
        "2": 274.0679090909091,
        "3": 272.78577777777775,
        "4": 275.19155555555557
      },
      "seasonal_indices": {
        "1": 100.0,
        "2": 101.0,
        "3": 100.5,
        "4": 101.4
      },
      "peak_quarter": 4,
      "low_quarter": 1,
      "seasonality_strength": 1.4,
      "data_points": 41
    }
  },
  "business_insights": {
    "peak_seasons": {
      "food_away_from_home": "Fall (Q4)",
      "food_at_home": "Fall (Q4)",
      "apparel": "Spring (Q2)",
      "recreation": "Spring (Q2)",
      "alcoholic_beverages": "Fall (Q4)",
      "transportation": "Spring (Q2)",
      "housing": "Fall (Q4)",
      "medical_care": "Fall (Q4)",
      "education": "Fall (Q4)",
      "other_goods_services": "Fall (Q4)"
    },
    "low_seasons": {
      "food_away_from_home": "Winter (Q1)",
      "food_at_home": "Winter (Q1)",
      "apparel": "Fall (Q4)",
      "recreation": "Summer (Q3)",
      "alcoholic_beverages": "Winter (Q1)",
      "transportation": "Winter (Q1)",
      "housing": "Winter (Q1)",
      "medical_care": "Winter (Q1)",
      "education": "Spring (Q2)",
      "other_goods_services": "Winter (Q1)"
    },
    "recommendations": [
      "Fall season shows peak dining demand - consider seasonal menu offerings"
    ],
    "seasonal_trends": {
      "food_away_from_home": {
        "strength": 1.8,
        "pattern": "stable"
      },
      "food_at_home": {
        "strength": 1.7,
        "pattern": "stable"
      },
      "apparel": {
        "strength": 1.5,
        "pattern": "stable"
      },
      "recreation": {
        "strength": 0.5,
        "pattern": "stable"
      },
      "alcoholic_beverages": {
        "strength": 1.1,
        "pattern": "stable"
      },
      "transportation": {
        "strength": 3.8,
        "pattern": "stable"
      },
      "housing": {
        "strength": 1.5,
        "pattern": "stable"
      },
      "medical_care": {
        "strength": 0.5,
        "pattern": "stable"
      },
      "education": {
        "strength": 1.3,
        "pattern": "stable"
      },
      "other_goods_services": {
        "strength": 1.4,
        "pattern": "stable"
      }
    }
  },
  "output_files": {
    "price_data": "monthly_price_data_20250703_214748.csv",
    "retail_data": ""
  }
}